model,cv_folds,r2_mean,r2_std,mse_mean,mse_std
RandomForest,5,0.9926036891279078,0.0023749319322945326,3.3982770575798638,0.3741722943230717
XGBoost,5,0.9930126562914898,0.0021664913105147597,3.215871694396938,0.2932018628690175
SVM,5,0.8812702440585507,0.026742443231369074,60.71590531535295,23.75264252890122
