{
  "timestamp": "2026-06-29T08:09:38.884888",
  "dataset_statistics": {
    "career_profiles_count": 60,
    "job_listings_count": 40,
    "total_training_samples": 2400,
    "expected_combinations": 2400
  },
  "data_split": {
    "train_samples": 1920,
    "test_samples": 480,
    "test_split_ratio": 0.2
  },
  "model_hyperparameters": {
    "RandomForest": {
      "max_depth": 10,
      "min_samples_split": 2,
      "n_estimators": 100
    },
    "XGBoost": {
      "learning_rate": 0.1,
      "max_depth": 3,
      "n_estimators": 100,
      "subsample": 0.7
    },
    "SVM": {
      "svm__C": 2.0,
      "svm__gamma": "auto",
      "svm__kernel": "rbf"
    }
  },
  "test_set_evaluation": {
    "RandomForest": {
      "model": "RandomForest",
      "mse": 3.447593879804129,
      "rmse": 1.8567697433457195,
      "mae": 1.2812721788730372,
      "median_ae": 1.1752017801183339,
      "r2_score": 0.9928685412265467,
      "accuracy_within_10": 100.0
    },
    "XGBoost": {
      "model": "XGBoost",
      "mse": 3.30333466588895,
      "rmse": 1.8175078172841377,
      "mae": 1.4513256770067122,
      "median_ae": 1.3746578693389893,
      "r2_score": 0.9931669460481684,
      "accuracy_within_10": 100.0
    },
    "SVM": {
      "model": "SVM",
      "mse": 31.219168215565052,
      "rmse": 5.58741158458593,
      "mae": 2.4993366333499076,
      "median_ae": 0.7081501718840002,
      "r2_score": 0.9354221469138191,
      "accuracy_within_10": 96.25
    },
    "Ensemble": {
      "model": "Ensemble",
      "mse": 6.332429935822336,
      "rmse": 2.5164319851373564,
      "mae": 1.646856632700125,
      "median_ae": 1.024298208721838,
      "r2_score": 0.9869011651031053,
      "accuracy_within_10": 99.375
    }
  },
  "cross_validation": [
    {
      "model": "RandomForest",
      "cv_folds": 5,
      "r2_scores": [
        0.9940160755810283,
        0.9951354151670542,
        0.9943326535806355,
        0.9891688960715596,
        0.9903654052392608
      ],
      "r2_mean": 0.9926036891279078,
      "r2_std": 0.0023749319322945326,
      "mse_scores": [
        3.463985041040337,
        2.9024771695708105,
        3.040498488518041,
        3.868087241110775,
        3.716337347659357
      ],
      "mse_mean": 3.3982770575798638,
      "mse_std": 0.3741722943230717
    },
    {
      "model": "XGBoost",
      "cv_folds": 5,
      "r2_scores": [
        0.9945833704661247,
        0.9952407021556043,
        0.9944099077282681,
        0.9898735810585622,
        0.9909557200488891
      ],
      "r2_mean": 0.9930126562914898,
      "r2_std": 0.0021664913105147597,
      "mse_scores": [
        3.135588347124537,
        2.8396571980800887,
        2.9990520863171555,
        3.6164247120429973,
        3.488636128419914
      ],
      "mse_mean": 3.215871694396938,
      "mse_std": 0.2932018628690175
    },
    {
      "model": "SVM",
      "cv_folds": 5,
      "r2_scores": [
        0.8765729570112925,
        0.8426855603091576,
        0.8687421589666409,
        0.9224156447139309,
        0.8959348992917322
      ],
      "r2_mean": 0.8812702440585507,
      "r2_std": 0.026742443231369074,
      "mse_scores": [
        71.44967092451972,
        93.86239223419791,
        70.41907053792222,
        27.70752240718826,
        40.14087047293661
      ],
      "mse_mean": 60.71590531535295,
      "mse_std": 23.75264252890122
    }
  ]
}