model,mse,rmse,mae,median_ae,r2_score,accuracy_within_10
RandomForest,3.447593879804129,1.8567697433457195,1.2812721788730372,1.1752017801183339,0.9928685412265467,100.0
XGBoost,3.30333466588895,1.8175078172841377,1.4513256770067122,1.3746578693389893,0.9931669460481684,100.0
SVM,31.219168215565052,5.58741158458593,2.4993366333499076,0.7081501718840002,0.9354221469138191,96.25
Ensemble,6.332429935822336,2.5164319851373564,1.646856632700125,1.024298208721838,0.9869011651031053,99.375
